{
    "RST Flag Count": 117692.608,
    "Bwd Bulk Rate Avg": 116739.877,
    "FWD Init Win Bytes": 104171.023,
    "ECE Flag Count": 101223.225,
    "Bwd Packet/Bulk Avg": 100576.059,
    "FIN Flag Count": 99199.1852,
    "Bwd Bytes/Bulk Avg": 86094.0465,
    "Dst Port": 77942.4197,
    "PSH Flag Count": 77340.3049,
    "ACK Flag Count": 70823.9305,
    "Bwd Init Win Bytes": 45719.7819,
    "Packet Length Min": 44737.9043,
    "Fwd Packet Length Min": 44705.5141,
    "Bwd Segment Size Avg": 38123.1218,
    "Bwd Packet Length Mean": 38123.1218,
    "Flow Duration": 34155.7184,
    "Fwd IAT Total": 33580.3052,
    "Bwd IAT Total": 29920.6551,
    "Bwd Packet Length Max": 23508.4263,
    "SYN Flag Count": 20778.3663,
    "Fwd PSH Flags": 15912.5095,
    "Bwd Packet Length Min": 13867.9555,
    "Idle Std": 13223.2882,
    "Bwd Packet Length Std": 12586.3886,
    "Packet Length Mean": 10630.9039,
    "Average Packet Size": 10114.8341,
    "Fwd Seg Size Min": 9820.08114,
    "Protocol": 8687.0654,
    "Flow IAT Max": 8502.99339,
    "Bwd IAT Max": 8156.35284,
    "Fwd IAT Max": 7954.53138,
    "Idle Max": 7091.2946,
    "Flow IAT Mean": 5340.85839,
    "Active Max": 5335.98444,
    "Fwd IAT Mean": 5181.61929,
    "Idle Mean": 4868.86762,
    "Fwd IAT Min": 4697.42646,
    "Flow IAT Min": 4671.56822,
    "Idle Min": 4537.75197,
    "Active Mean": 4300.53126,
    "Bwd IAT Std": 4111.3962,
    "Active Min": 3890.84996,
    "Active Std": 3451.4233,
    "Flow IAT Std": 3409.01138,
    "Fwd IAT Std": 3010.82914,
    "Bwd IAT Mean": 2497.02617,
    "Bwd Packets/s": 1873.6162,
    "Down/Up Ratio": 1768.85774,
    "Flow Packets/s": 1561.60204,
    "URG Flag Count": 1519.54808,
    "Fwd Segment Size Avg": 1517.90487,
    "Fwd Packet Length Mean": 1517.90487,
    "Packet Length Std": 1125.33107,
    "Subflow Bwd Bytes": 1085.24248,
    "Total Length of Bwd Packet": 1061.23533,
    "Fwd Packet Length Std": 966.14312,
    "Subflow Bwd Packets": 950.99437,
    "Bwd IAT Min": 910.78184,
    "Total Bwd packets": 698.686326,
    "Bwd Header Length": 682.617265,
    "Fwd Packet Length Max": 640.290587,
    "Packet Length Max": 599.952623,
    "Fwd Packets/s": 597.790272,
    "Subflow Fwd Bytes": 450.230573,
    "Total Length of Fwd Packet": 432.003905,
    "Flow Bytes/s": 423.675475,
    "Fwd Act Data Pkts": 189.54239,
    "Subflow Fwd Packets": 178.043329,
    "Packet Length Variance": 164.765129,
    "Total Fwd Packet": 138.658071,
    "Fwd Header Length": 87.3118796
}